https://falabella.scene7.com/is/image/FalabellaPE/gsc_113895364_810870_2?wid=240&hei=240&qlt=70&fmt=webp|Samsung Galaxy S21 FE 5G 256gb 8gb Ram Dual Sim Graphite|2179
https://falabella.scene7.com/is/image/FalabellaPE/gsc_125106626_4184810_2?wid=240&hei=240&qlt=70&fmt=webp|Cable 3 En 1 Nylon Carga rápida Iphone/Micro/Type-C|39.9
https://falabella.scene7.com/is/image/FalabellaPE/19729696_2?wid=240&hei=240&qlt=70&fmt=webp|Galaxy A54 128gb 6gb 5g|1349
https://falabella.scene7.com/is/image/FalabellaPE/19611483_2?wid=240&hei=240&qlt=70&fmt=webp|Galaxy S23 Phantom Black 128gb|2999
https://falabella.scene7.com/is/image/FalabellaPE/18673464_2?wid=240&hei=240&qlt=70&fmt=webp|Celular Apple Iphone 13 128gb|3299
https://falabella.scene7.com/is/image/FalabellaPE/20039957_02?wid=240&hei=240&qlt=70&fmt=webp|IPHONE 15 128GB|4499
https://falabella.scene7.com/is/image/FalabellaPE/gsc_125066737_4168224_1?wid=240&hei=240&qlt=70&fmt=webp|Cargador de pared de carga rápida 65W Color Negro 2xUSB-C 3xUSB-A|79.9
https://falabella.scene7.com/is/image/FalabellaPE/gsc_126875017_4724724_2?wid=240&hei=240&qlt=70&fmt=webp|Case SSD NVMe M2 Ugreen USB 10Gbps 2230224222602280 CM559|135.99
https://falabella.scene7.com/is/image/FalabellaPE/20109145_2?wid=240&hei=240&qlt=70&fmt=webp|Samsung Galaxy A14 5g 4gb 128gb Black|529
https://falabella.scene7.com/is/image/FalabellaPE/20040003_02?wid=240&hei=240&qlt=70&fmt=webp|Iphone 15 Pro Max 256gb|6699
https://falabella.scene7.com/is/image/FalabellaPE/19611487_2?wid=240&hei=240&qlt=70&fmt=webp|Galaxy S23 256GB 8GB|3299
https://falabella.scene7.com/is/image/FalabellaPE/19729691_2?wid=240&hei=240&qlt=70&fmt=webp|Galaxy A34 128gb 6gb 5g|1199
https://falabella.scene7.com/is/image/FalabellaPE/gsc_123472984_3702011_1?wid=240&hei=240&qlt=70&fmt=webp|Samsung Galaxy S20 Fe SM-G781U1DS 128GB S8 Smartwatch - Azul|929
https://falabella.scene7.com/is/image/FalabellaPE/19982123_2?wid=240&hei=240&qlt=70&fmt=webp|Celular Xiaomi Redmi 12 128gb|599
https://falabella.scene7.com/is/image/FalabellaPE/18673441_2?wid=240&hei=240&qlt=70&fmt=webp|Celular Apple Iphone 11 64gb|2199
https://falabella.scene7.com/is/image/FalabellaPE/20094770_2?wid=240&hei=240&qlt=70&fmt=webp|Galaxy S23 Fe 256gb|2599
https://falabella.scene7.com/is/image/FalabellaPE/19916235_2?wid=240&hei=240&qlt=70&fmt=webp|Celular Samsung Z Flip5 512gb|3999
https://falabella.scene7.com/is/image/FalabellaPE/19611491_2?wid=240&hei=240&qlt=70&fmt=webp|Galaxy S23+ 256GB 8GB|3599
https://falabella.scene7.com/is/image/FalabellaPE/20091292_2?wid=240&hei=240&qlt=70&fmt=webp|Celular Xiaomi Redmi 13c 8+256gb|639
https://falabella.scene7.com/is/image/FalabellaPE/gsc_123932524_3787099_1?wid=240&hei=240&qlt=70&fmt=webp|Samsung Galaxy S21 Ultra SM-G998U 128GB - Negro|2109
https://falabella.scene7.com/is/image/FalabellaPE/gsc_123953648_3794807_1?wid=240&hei=240&qlt=70&fmt=webp|HONOR 50 5G 8GB 256GB NTH-NX9 Smartphones -Amber|879
https://falabella.scene7.com/is/image/FalabellaPE/gsc_126286229_4509273_2?wid=240&hei=240&qlt=70&fmt=webp|Motorola G14 4128 Gris|499
https://falabella.scene7.com/is/image/FalabellaPE/gsc_121301374_2983401_2?wid=240&hei=240&qlt=70&fmt=webp|CABLE USB-C A LIGHTNING PARA IPHONE 13, 13 PRO, 13 PRO MAX DE 2MT|35
https://falabella.scene7.com/is/image/FalabellaPE/gsc_125889984_4366547_2?wid=240&hei=240&qlt=70&fmt=webp|Cargador Rápido Para iPhone 13/14/15/ Anker 511 Usb-c De 20w - Negro|94.99
https://falabella.scene7.com/is/image/FalabellaPE/gsc_125406349_4298743_2?wid=240&hei=240&qlt=70&fmt=webp|Xiaomi Redmi Note 12 6GB 128GB - Gris|639
https://falabella.scene7.com/is/image/FalabellaPE/20031010_2?wid=240&hei=240&qlt=70&fmt=webp|Celular Motorola Edge 40 NEO 8GB 256GB|1349
https://falabella.scene7.com/is/image/FalabellaPE/19895622_2?wid=240&hei=240&qlt=70&fmt=webp|Moto Razr 40ultra 12+512|4299
https://falabella.scene7.com/is/image/FalabellaPE/20031005_2?wid=240&hei=240&qlt=70&fmt=webp|Celular Motorola G54 256gb|799
https://e39a9f00db6c5bc097f9-75bc5dce1d64f93372e7c97ed35869cb.ssl.cf1.rackcdn.com/42945360_2-iHhK0tTv-medium.jpg|Xiaomi Redmi Power Bank 10000 Mah Black|69.9
https://sodimac.scene7.com/is/image/SodimacPeru/4174739_01?wid=240&hei=240&qlt=70&fmt=webp|Celular Samsung Galaxy S23 Ultra 6.8" 512GB 12GB Phantom Black|6399
https://falabella.scene7.com/is/image/FalabellaPE/17839337_2?wid=240&hei=240&qlt=70&fmt=webp|Adaptador De Corriente Usb-c De 20 W|99
https://falabella.scene7.com/is/image/FalabellaPE/gsc_116263269_1420150_2?wid=240&hei=240&qlt=70&fmt=webp|Gimbal Feiyutech Vimble 3S para celular|499
https://falabella.scene7.com/is/image/FalabellaPE/gsc_121766970_3174149_2?wid=240&hei=240&qlt=70&fmt=webp|Cargador Pared 200w Gan 6 Puertos 4 Usb-c + 2 Usb-a Ugreen|499.99
https://falabella.scene7.com/is/image/FalabellaPE/gsc_114230345_936883_2?wid=240&hei=240&qlt=70&fmt=webp|Memoria MicroSD Kingston 128 Gb - Negro|44.49
https://s7d2.scene7.com/is/image/TottusPE/43168340_2?wid=240&hei=240&qlt=70&fmt=webp|Smartphone Moto Edge 40 8+256GB Negro|1499
https://s7d2.scene7.com/is/image/TottusPE/43153736_8?wid=240&hei=240&qlt=70&fmt=webp|Smartphone Galaxy ZFLIP5 512GB 8GB Verde Menta|3799
https://falabella.scene7.com/is/image/FalabellaPE/gsc_121301910_2983671_2?wid=240&hei=240&qlt=70&fmt=webp|Cable USB-C a USB-C Carga Super Rápida De 2 Metros|38
https://falabella.scene7.com/is/image/FalabellaPE/gsc_119424918_2340860_2?wid=240&hei=240&qlt=70&fmt=webp|Tarjeta de Memoria TF Micro SD Lanzero 128GB|49.9
https://falabella.scene7.com/is/image/FalabellaPE/gsc_125197716_4218909_2?wid=240&hei=240&qlt=70&fmt=webp|PROTECTOR DE CABLES PARA IPHONE ORGANIZADOR DE CABLE LIGHTNING CARGA|26.99
https://falabella.scene7.com/is/image/FalabellaPE/gsc_123955475_3795686_2?wid=240&hei=240&qlt=70&fmt=webp|IPHONE 14 PRO MAX 256GB - GOLD|6199
https://falabella.scene7.com/is/image/FalabellaPE/gsc_125335665_4277365_1?wid=240&hei=240&qlt=70&fmt=webp|Celular Samsung Galaxy S21 5G SM-G991U1 128GB Smartphones - Violeta|1499
https://falabella.scene7.com/is/image/FalabellaPE/19916244_2?wid=240&hei=240&qlt=70&fmt=webp|Samsung Galaxy Zfold5 512gb 12gb Icy Blue|4999
https://s7d2.scene7.com/is/image/TottusPE/43015652_2?wid=240&hei=240&qlt=70&fmt=webp|Smartphone Poco X5 5G 6GB+128GB Azul|1199
https://falabella.scene7.com/is/image/FalabellaPE/gsc_122290836_3307725_1?wid=240&hei=240&qlt=70&fmt=webp|Samsung Galaxy Note20 ultra 5G 12 + 128GB SM-N986U Single Sim Dorado|2359
https://s7d2.scene7.com/is/image/TottusPE/42828958_2?wid=240&hei=240&qlt=70&fmt=webp|Lamina Antibacterial para iPad 10.5|59.9
https://falabella.scene7.com/is/image/FalabellaPE/gsc_120656291_2753946_1?wid=240&hei=240&qlt=70&fmt=webp|Memoria SODIMM Kingston Fury Impact, 8GB, DDR4, 3200 MHz|150
https://falabella.scene7.com/is/image/FalabellaPE/gsc_123499400_3711681_1?wid=240&hei=240&qlt=70&fmt=webp|Repuesto Bandeja SIM IPHONE 5C - AMARILLO|36
https://falabella.scene7.com/is/image/FalabellaPE/gsc_123531002_3723414_2?wid=240&hei=240&qlt=70&fmt=webp|Funda Galaxy S22 Ultra Smart Clear View Cover EF-ZS908CBEGEW Negro|199.9
https://falabella.scene7.com/is/image/FalabellaPE/gsc_121690844_3145847_1?wid=240&hei=240&qlt=70&fmt=webp|Samsung Galaxy S20 FE SM-G781U1/DS 5G 128GB -Lavander|929
https://sodimac.scene7.com/is/image/SodimacPeru/12804X_02?wid=240&hei=240&qlt=70&fmt=webp|Pizarra de Corcho 60x90cm|64.9
https://falabella.scene7.com/is/image/FalabellaPE/gsc_120378872_2645922_2?wid=240&hei=240&qlt=70&fmt=webp|GPS DE MANO GARMIN MODELO MAP 65S|2060
https://falabella.scene7.com/is/image/FalabellaPE/gsc_119576617_2394836_2?wid=240&hei=240&qlt=70&fmt=webp|Cargador C/ batería M18™, 5.0 amp-hora, 48-5950|1464
https://falabella.scene7.com/is/image/FalabellaPE/19895816_2?wid=240&hei=240&qlt=70&fmt=webp|Disco Duro Externo Toshiba Canvio Basics 1TB Black|209
https://falabella.scene7.com/is/image/FalabellaPE/gsc_123877828_3765843_2?wid=240&hei=240&qlt=70&fmt=webp|Memoria Micro SD Samsung PRO Plus 128GB A2 U3 4K 180 MB/s|79
https://falabella.scene7.com/is/image/FalabellaPE/19769341_1?wid=240&hei=240&qlt=70&fmt=webp|Laptop Hp Amd Ryzen 5 16gb 512gb Ssd Serie 7520u 15.6|2299
https://falabella.scene7.com/is/image/FalabellaPE/19688488_1?wid=240&hei=240&qlt=70&fmt=webp|Laptop Hp Intel Core I5 8gb 512gb Ssd 15.6" 15-dy5000la|2199
https://falabella.scene7.com/is/image/FalabellaPE/19818164_1?wid=240&hei=240&qlt=70&fmt=webp|Samsung Galaxy Tab S6 Lite 128GB - 10.4" Gris|1099
https://falabella.scene7.com/is/image/FalabellaPE/883085764_1?wid=240&hei=240&qlt=70&fmt=webp|Laptop Lenovo Intel Core I5 8gb 512gb Ssd Idepad Slim3 12° Gen 15.6" Fhd|1999
https://falabella.scene7.com/is/image/FalabellaPE/882887819_1?wid=240&hei=240&qlt=70&fmt=webp|Gamer Asus Intel Core I5 Rtx 3050 8gb 512gb Ssd Tuf F15 11°gen 15.6|2899
https://falabella.scene7.com/is/image/FalabellaPE/gsc_122928246_3478513_1?wid=240&hei=240&qlt=70&fmt=webp|Laptop Lenovo Intel Core I3 12°Gen 8GB Ram 256GB Ssd 15.6" FHD Windows - 82TT00CVLM|1299
https://falabella.scene7.com/is/image/FalabellaPE/19601072_1?wid=240&hei=240&qlt=70&fmt=webp|Impresora HP Smart Tank 580|619
https://falabella.scene7.com/is/image/FalabellaPE/gsc_125257977_4245628_1?wid=240&hei=240&qlt=70&fmt=webp|Disco Sólido Interno Kingston SA400 SSD 480gb Negro|119.99
https://falabella.scene7.com/is/image/FalabellaPE/883085760_1?wid=240&hei=240&qlt=70&fmt=webp|Laptop Lenovo Amd Ryzen 7 16gb 512gb Ssd Ideapad 1 15.6" Fhd|2299
https://falabella.scene7.com/is/image/FalabellaPE/882926982_1?wid=240&hei=240&qlt=70&fmt=webp|Laptop Asus Intel Core I3 8gb 256gb Ssd Vivobook Go 15 12° Gen 15.6|1499
https://falabella.scene7.com/is/image/FalabellaPE/gsc_123942075_3789868_1?wid=240&hei=240&qlt=70&fmt=webp|Laptop HP 250 G8 Intel Core i5-1135G7 RAM 16GB 256GB SSD Windows 11|1799
https://falabella.scene7.com/is/image/FalabellaPE/883024529_1?wid=240&hei=240&qlt=70&fmt=webp|Gamer Acer Intel Core I5 Rtx3050 8gb 512gb Ssd 12va Gen Nitro 5 15.6" + Mouse + Headset|3499
https://falabella.scene7.com/is/image/FalabellaPE/882958595_1?wid=240&hei=240&qlt=70&fmt=webp|Gamer Asus Intel Core I7 Rtx3050 16gb 512gb Ssd 12va Gen Tuf Gaming F15 15.6|4399
https://falabella.scene7.com/is/image/FalabellaPE/gsc_126114898_4450206_1?wid=240&hei=240&qlt=70&fmt=webp|Laptop Lenovo V15 G4 Ryzen 3-7320U 8Gb LPDDR5 Bus 4800MHZ 256Gb SSD156 FHD Windows 82YU00X4LM|1199
https://falabella.scene7.com/is/image/FalabellaPE/883024531_1?wid=240&hei=240&qlt=70&fmt=webp|Gamer Acer Intel Core I7 Rtx3050 16gb 512gb Ssd 12va Gen Nitro 5 15.6" + Mando|4599
https://falabella.scene7.com/is/image/FalabellaPE/883085754_1?wid=240&hei=240&qlt=70&fmt=webp|Laptop Lenovo Intel Core I3 8gb 512gb Ssd Idepad Slim3 12° Gen 15.6" Fhd|1499
https://falabella.scene7.com/is/image/FalabellaPE/883024533_1?wid=240&hei=240&qlt=70&fmt=webp|Laptop Asus Amd Ryzen 9 16gb 1tb Ssd Serie 7940hs Vivobook 16 16|3799
https://falabella.scene7.com/is/image/FalabellaPE/19688488_1?wid=240&hei=240&qlt=70&fmt=webp|Laptop Hp Intel Core I5 8gb 512gb Ssd 15.6" 15-dy5000la|2199
https://falabella.scene7.com/is/image/FalabellaPE/882771854_1?wid=240&hei=240&qlt=70&fmt=webp|Gamer Lenovo Intel Core I7 Rtx 3050 16gb 512gb Ssd Ideapad Gaming 3i 12° Gen 15.6''|4299
https://falabella.scene7.com/is/image/FalabellaPE/gsc_124398410_3969000_1?wid=240&hei=240&qlt=70&fmt=webp|Laptop V15 G3 IAP Intel Core I5 12va Gen 24GB RAM 1TB SSD + 1TB HDD 15.6'' FHD + REGALO USB 128GB|2499
https://falabella.scene7.com/is/image/FalabellaPE/882958599_1?wid=240&hei=240&qlt=70&fmt=webp|Gamer Asus Intel Core I5 Rtx3050 8gb 512gb Ssd Tuf Gaming F15 12°gen 15.6|3299
https://falabella.scene7.com/is/image/FalabellaPE/17924885_1?wid=240&hei=240&qlt=70&fmt=webp|Apple Macbook Air 13" Chip M1 8gb Ram 256 Gb Ssd - Space Gray|3899
https://falabella.scene7.com/is/image/FalabellaPE/gsc_126701311_4658028_1?wid=240&hei=240&qlt=70&fmt=webp|Laptop HP 250 G10 i7-1355U RAM 16GB 512GB SSD Win 11 Pro|2899
https://falabella.scene7.com/is/image/FalabellaPE/882959594_1?wid=240&hei=240&qlt=70&fmt=webp|Laptop Lenovo Amd Ryzen 5 16gb 512gb Ssd Ideapad 1 Serie 7520u 15.6|2099
https://falabella.scene7.com/is/image/FalabellaPE/gsc_115614296_1194912_1?wid=240&hei=240&qlt=70&fmt=webp|Tableta Grafica Xp-pen Deco 01 V2|229.99
https://falabella.scene7.com/is/image/FalabellaPE/gsc_116213048_1407880_1?wid=240&hei=240&qlt=70&fmt=webp|Tableta Grafica XP-PEN Deco mini 7|164.99
https://falabella.scene7.com/is/image/FalabellaPE/18523360_1?wid=240&hei=240&qlt=70&fmt=webp|Apple iPad 9na Gen Wi-Fi 10.2" 64GB - Space Gray|1499
https://falabella.scene7.com/is/image/FalabellaPE/gsc_114058680_854273_1?wid=240&hei=240&qlt=70&fmt=webp|Impresora Multifuncional Epson EcoTank L3250 Sistema Continuo Wi-Fi|699
https://falabella.scene7.com/is/image/FalabellaPE/gsc_125842431_4347877_1?wid=240&hei=240&qlt=70&fmt=webp|RACK SOPORTE PARA PARLANTES PROFESIONALES DE 10 A 15 PULGADAS|120
https://falabella.scene7.com/is/image/FalabellaPE/gsc_123338950_3651353_1?wid=240&hei=240&qlt=70&fmt=webp|PARLANTE INTELIGENTE ECHO DOT ALEXA LILA|199
https://falabella.scene7.com/is/image/FalabellaPE/19833420_10?wid=240&hei=240&qlt=70&fmt=webp|Audífonos Philips True Wireless 5.2 18Hrs IPX 4 TAT1207BK|89
https://falabella.scene7.com/is/image/FalabellaPE/20073386_2?wid=240&hei=240&qlt=70&fmt=webp|Airpods Pro (2nd Gen Usb-c) - Ame|1099
https://falabella.scene7.com/is/image/FalabellaPE/18330349_2?wid=240&hei=240&qlt=70&fmt=webp|JBL Parlante Bluetooth Charge 5|539
https://falabella.scene7.com/is/image/FalabellaPE/18954028_2?wid=240&hei=240&qlt=70&fmt=webp|AirPods 3era Generación|799
https://falabella.scene7.com/is/image/FalabellaPE/gsc_115389516_1098427_1?wid=240&hei=240&qlt=70&fmt=webp|MICROFONO - LAVALIER MICROPHO PB OUTPUT JACK AU-103|79
https://falabella.scene7.com/is/image/FalabellaPE/gsc_115389377_1097949_1?wid=240&hei=240&qlt=70&fmt=webp|AUDIFONOS/ AUDICULARESS - STUDIO HEADPHONES AU-MH601|136
https://falabella.scene7.com/is/image/FalabellaPE/19818038_02?wid=240&hei=240&qlt=70&fmt=webp|Auriculares Inalámbricos WH-CH520|129
https://falabella.scene7.com/is/image/FalabellaPE/gsc_117024623_1647015_2?wid=240&hei=240&qlt=70&fmt=webp|Amazon Alexa Echo Dot 5 Generación Smart Hub Parlante Negro|189
https://falabella.scene7.com/is/image/FalabellaPE/17480076_02?wid=240&hei=240&qlt=70&fmt=webp|Torre de Sonido Samsung Bluetooth 500W MX-T50/PE|699
https://falabella.scene7.com/is/image/FalabellaPE/gsc_113654270_714721_2?wid=240&hei=240&qlt=70&fmt=webp|JBL Audifonos Bluetooth 5.2 Wave 300 TWS IPX2 Wireless|189
https://falabella.scene7.com/is/image/FalabellaPE/17659332_10?wid=240&hei=240&qlt=70&fmt=webp|Audífonos inalámbricos con noise cancelling WH-1000XM4|849
https://falabella.scene7.com/is/image/FalabellaPE/19036959_10?wid=240&hei=240&qlt=70&fmt=webp|Audífonos Noise Cancelling BT WH-1000XM5|1299
https://falabella.scene7.com/is/image/FalabellaPE/gsc_113654236_714704_2?wid=240&hei=240&qlt=70&fmt=webp|JBL Flip 6 Parlante Bluetooth Acuatico Extra Bass|399
https://falabella.scene7.com/is/image/FalabellaPE/16964904_2?wid=240&hei=240&qlt=70&fmt=webp|Audífonos AirPods 2nda Generación|599
https://falabella.scene7.com/is/image/FalabellaPE/gsc_118672385_2174604_2?wid=240&hei=240&qlt=70&fmt=webp|Audífonos Inalámbricos Lenovo HT38 Led Watch Regalo|69
https://s7d2.scene7.com/is/image/TottusPE/42997025_2?wid=240&hei=240&qlt=70&fmt=webp|Equipo de Sonido Sony SRS XV900|2899
https://falabella.scene7.com/is/image/FalabellaPE/gsc_127197524_4832840_1?wid=240&hei=240&qlt=70&fmt=webp|Audifono Bluetooth Skullcandy Jib True Wireless 5.0 Gray + Lentes Skullcandy Bold Regalo|98
https://falabella.scene7.com/is/image/FalabellaPE/18077765_2?wid=240&hei=240&qlt=70&fmt=webp|Parlante Inteligente Google Nest Mini|159
https://s7d2.scene7.com/is/image/TottusPE/43164910_8?wid=240&hei=240&qlt=70&fmt=webp|Equipo de Sonido Bluetooth XV800|1899
https://falabella.scene7.com/is/image/FalabellaPE/gsc_126702526_4658590_2?wid=240&hei=240&qlt=70&fmt=webp|JBL Audifonos Bluetooth 5.2 Deep Bass IPX4 Vibe Buds|179
https://falabella.scene7.com/is/image/FalabellaPE/17106123_2?wid=240&hei=240&qlt=70&fmt=webp|Skullcandy Audífono Cassette Bt Black|99
https://s7d2.scene7.com/is/image/TottusPE/42795132_2?wid=240&hei=240&qlt=70&fmt=webp|Audífonos In Ear WI C100BZ UC Negro|99
https://s7d2.scene7.com/is/image/TottusPE/42254643_2?wid=240&hei=240&qlt=70&fmt=webp|Equipo de Sonido Sony MHC-V43D Bluetooth Karaoke HDMI|1299
https://falabella.scene7.com/is/image/FalabellaPE/18233868_2?wid=240&hei=240&qlt=70&fmt=webp|Bose Sist Mus Soundlink Revol II PLUS Black|1599
https://falabella.scene7.com/is/image/FalabellaPE/gsc_125286328_4256977_2?wid=240&hei=240&qlt=70&fmt=webp|Sony Tocadiscos con Bluetooth PS-LX310BT|799
https://falabella.scene7.com/is/image/FalabellaPE/17676390_2?wid=240&hei=240&qlt=70&fmt=webp|Audifono Skullcandy Sesh Evo True Wireless Black|129
https://falabella.scene7.com/is/image/FalabellaPE/19062226_10?wid=240&hei=240&qlt=70&fmt=webp|Soundbar Samsung Bluetooth 3.0ch HW-S50B (2022)|499
https://falabella.scene7.com/is/image/FalabellaPE/19291422_02?wid=240&hei=240&qlt=70&fmt=webp|LG Parlante Bluetooth XBOOM Go XG7 - Negro|399
https://falabella.scene7.com/is/image/FalabellaPE/883027890_2?wid=240&hei=240&qlt=70&fmt=webp|Jvc Parlante Bluetooth 40w Pmpo Negro Ipx7 Water Resistant|149
https://falabella.scene7.com/is/image/FalabellaPE/gsc_125315061_4271254_2?wid=240&hei=240&qlt=70&fmt=webp|Skullcandy Smokin Buds Supreme Sound Audifonos Bluetooth 5.2|129
https://falabella.scene7.com/is/image/FalabellaPE/gsc_124882880_4143032_2?wid=240&hei=240&qlt=70&fmt=webp|Audífonos Bluetooth NC 22Horas Bose QuietComfort® 45 Negro|1299
https://falabella.scene7.com/is/image/FalabellaPE/18483007_2?wid=240&hei=240&qlt=70&fmt=webp|Audífonos AirPods Max|2699
https://falabella.scene7.com/is/image/FalabellaPE/19907237_02?wid=240&hei=240&qlt=70&fmt=webp|Sony Audífonos Inalámbricos Con Noise Cancelling Wf-c700n|349
https://falabella.scene7.com/is/image/FalabellaPE/gsc_125160091_4200467_2?wid=240&hei=240&qlt=70&fmt=webp|Audifono Bluetooth Skullcandy Jib True Wireless 5.0 Chill Gray|98
https://falabella.scene7.com/is/image/FalabellaPE/19553404_02?wid=240&hei=240&qlt=70&fmt=webp|LG Parlante Bluetooth XBOOM XG9|949
https://falabella.scene7.com/is/image/FalabellaPE/gsc_124498769_4006987_2?wid=240&hei=240&qlt=70&fmt=webp|Sony Home Theater con Dolby Digital HT-S20R|699
https://falabella.scene7.com/is/image/FalabellaPE/18233867_2?wid=240&hei=240&qlt=70&fmt=webp|Audífonos True Wireless Bluetooth 5.0 IPX 4 TAT2206BK|99
https://falabella.scene7.com/is/image/FalabellaPE/gsc_122192565_3269816_1?wid=240&hei=240&qlt=70&fmt=webp|Lenovo LP40 Pro DE Tws y Toumi watch Reloj inteligente-ROSA|89
https://falabella.scene7.com/is/image/FalabellaPE/gsc_126553261_4599967_2?wid=240&hei=240&qlt=70&fmt=webp|Audífonos Skullcandy Indy Evo True Wireless Negro|169
https://falabella.scene7.com/is/image/FalabellaPE/19968603_2?wid=240&hei=240&qlt=70&fmt=webp|Audífono Skullcandy Rail Tw Bone|299
https://falabella.scene7.com/is/image/FalabellaPE/20095146_2?wid=240&hei=240&qlt=70&fmt=webp|Lentes Skullcandy Type C Black/gray|99
https://falabella.scene7.com/is/image/FalabellaPE/gsc_116355034_1454359_2?wid=240&hei=240&qlt=70&fmt=webp|Audífono Skullcandy Premium Hesh Evo 2021 Wireless Bluetooth 36 Horas|349.9
https://falabella.scene7.com/is/image/FalabellaPE/gsc_118396681_1137873_2?wid=240&hei=240&qlt=70&fmt=webp|Parlante JBL PartyBox 710 Party 800W Bluetooth|3499
https://falabella.scene7.com/is/image/FalabellaPE/gsc_116174868_1137874_2?wid=240&hei=240&qlt=70&fmt=webp|JBL Partybox 110 160 W RMS 36 Wh|1299
https://falabella.scene7.com/is/image/FalabellaPE/gsc_113654342_714758_2?wid=240&hei=240&qlt=70&fmt=webp|JBL Go 3 Parlante Bluetooth Portatil Acuatico IPX67|159
https://falabella.scene7.com/is/image/FalabellaPE/gsc_122508412_3359072_1?wid=240&hei=240&qlt=70&fmt=webp|Audifonos Bluetooth Skullcandy True Wireless Push Active IP55 10Hrs|259
https://falabella.scene7.com/is/image/FalabellaPE/gsc_114451319_1014112_2?wid=240&hei=240&qlt=70&fmt=webp|Micrófono Condensador Elgato WAVE 3 usb antidistorsión|789
https://falabella.scene7.com/is/image/FalabellaPE/gsc_122772377_3411763_2?wid=240&hei=240&qlt=70&fmt=webp|Audífonos Inalámbricos HUAWEI FreeBuds 5 Hi-Res -Rosado|529
https://falabella.scene7.com/is/image/FalabellaPE/gsc_121622769_3117202_2?wid=240&hei=240&qlt=70&fmt=webp|Audífonos Inalámbricos HUAWEI FreeBuds 5i Hi-Res -Blanco|249
https://falabella.scene7.com/is/image/FalabellaPE/gsc_118425153_2100811_2?wid=240&hei=240&qlt=70&fmt=webp|Bola Parlante MP3 Luces Disco Sicodélicas Audioritmico Con Control|34.9
https://falabella.scene7.com/is/image/FalabellaPE/gsc_122211502_3277160_2?wid=240&hei=240&qlt=70&fmt=webp|Equipo de Sonido LG CK99 Bluetooth XBOOM 5000 Watts - Negro|3299
https://falabella.scene7.com/is/image/FalabellaPE/gsc_126688905_4652759_2?wid=240&hei=240&qlt=70&fmt=webp|PARLANTE BLUETOOTH LG XBOOM XG5QBK|259
https://falabella.scene7.com/is/image/FalabellaPE/gsc_127627942_4914244_1?wid=240&hei=240&qlt=70&fmt=webp|AUDIFONO C/MICROF. SENNHEISER HD 250 BT BLACK (508937)|274
https://falabella.scene7.com/is/image/FalabellaPE/gsc_124913067_4149826_2?wid=240&hei=240&qlt=70&fmt=webp|Amazon Echo Pop Altavoz Inteligente Con Alexa|179
https://falabella.scene7.com/is/image/FalabellaPE/gsc_124537976_4025188_2?wid=240&hei=240&qlt=70&fmt=webp|Micrófonos Inalámbricos solaperos 2 en 1 K9 Tipo C|57.9
https://falabella.scene7.com/is/image/FalabellaPE/gsc_123544651_3727900_2?wid=240&hei=240&qlt=70&fmt=webp|Amazon Echo Show 8 2da Generación Charcoal|499
https://falabella.scene7.com/is/image/FalabellaPE/gsc_123544651_3727900_2?wid=240&hei=240&qlt=70&fmt=webp|MICROFONO INALAMBRICO SOLAPERO PARA IPHONE LIGHTNING|69.9
https://falabella.scene7.com/is/image/FalabellaPE/gsc_127404176_4894689_2?wid=240&hei=240&qlt=70&fmt=webp|Parlante con Bluetooth Sonido 360 XBOOM LG|789
https://falabella.scene7.com/is/image/FalabellaPE/gsc_117728114_1834944_2?wid=240&hei=240&qlt=70&fmt=webp|Parlante Bluetooth Tronsmart T6 Pro LED 45W IPX6 PowerBank|255
https://falabella.scene7.com/is/image/FalabellaPE/16096420_10?wid=240&hei=240&qlt=70&fmt=webp|Parlantes SoundLink Micro Bluetooth|559
https://falabella.scene7.com/is/image/FalabellaPE/gsc_120236826_2607589_2?wid=240&hei=240&qlt=70&fmt=webp|Audifonos Kz Zsn Pro X Con Micrófono Originales Sellados|89.99
https://falabella.scene7.com/is/image/FalabellaPE/gsc_114430094_1006766_1?wid=240&hei=240&qlt=70&fmt=webp|Microfono Blue Yeti Nano Cardioide Omnidireccional - Grey|409.9
https://falabella.scene7.com/is/image/FalabellaPE/gsc_124108516_3852583_2?wid=240&hei=240&qlt=70&fmt=webp|Audifonos Bluetooh RT7 Tercera Generación|129
https://falabella.scene7.com/is/image/FalabellaPE/gsc_121440470_3038933_2?wid=240&hei=240&qlt=70&fmt=webp|Parlante Bluetooth Tronsmart Trip - Camuflaje IPX7- 20hrs musica|76.9
https://falabella.scene7.com/is/image/FalabellaPE/118036552?wid=240&hei=240&qlt=70&fmt=webp|Parlante JBL bluetooth pulse 4|859
https://falabella.scene7.com/is/image/FalabellaPE/gsc_122614407_3400097_2?wid=240&hei=240&qlt=70&fmt=webp|Equipo de Sonido LG XBOOM RNC9 con Micrófono Inalámbrico Modelo 2023.|1429
https://falabella.scene7.com/is/image/FalabellaPE/gsc_121817355_3197256_2?wid=240&hei=240&qlt=70&fmt=webp|Audifonos Lenovo GM2 PRO Tws Auriculares Bluetooth 53 Earphone-Negro|52.9
https://falabella.scene7.com/is/image/FalabellaPE/gsc_119773580_2475568_2?wid=240&hei=240&qlt=70&fmt=webp|PARLANTE LOGITECH Z607 BT 5.1|570
https://falabella.scene7.com/is/image/FalabellaPE/gsc_121302936_2984037_1?wid=240&hei=240&qlt=70&fmt=webp|Parlante Bose Outdoor S1 PRO Negro|2879
https://falabella.scene7.com/is/image/FalabellaPE/gsc_120713399_2776660_2?wid=240&hei=240&qlt=70&fmt=webp|Tronsmart-Altavoz Bluetooth Halo 100 dispositivo portátil de 60W|396
https://falabella.scene7.com/is/image/FalabellaPE/gsc_113654354_714764_1?wid=240&hei=240&qlt=70&fmt=webp|JBL Partybox Encore Essential Extra Bass IPX4 Parlante Karaoke|999
https://falabella.scene7.com/is/image/FalabellaPE/gsc_115314620_1079048_2?wid=240&hei=240&qlt=70&fmt=webp|LG Barra de sonido 21C 100W Bluetooth USB HDMI SP2 Negro|497
https://falabella.scene7.com/is/image/FalabellaPE/gsc_117719260_1871347_2?wid=240&hei=240&qlt=70&fmt=webp|Audifono Cableado JBL Endurance Run Negro|99.9
https://falabella.scene7.com/is/image/FalabellaPE/19972771_2?wid=240&hei=240&qlt=70&fmt=webp|Parlante Inteligente Amazon Echo Pop Charcoal|169
https://falabella.scene7.com/is/image/FalabellaPE/gsc_120066384_2576131_1?wid=240&hei=240&qlt=70&fmt=webp|Parlante Portátil Multifunción bluetooth HAVIT SK835BT|119
https://falabella.scene7.com/is/image/FalabellaPE/gsc_114430009_1006768_2?wid=240&hei=240&qlt=70&fmt=webp|Microfono Blue Yeti Silver USB Plug and Play / 4 patrones polares|469.9
https://falabella.scene7.com/is/image/FalabellaPE/gsc_116414509_1484923_2?wid=240&hei=240&qlt=70&fmt=webp|Audifino Bluetooth Sennheiser HD450BT Negro Active Noise Cancelling|589
https://falabella.scene7.com/is/image/FalabellaPE/gsc_123875018_3764854_2?wid=240&hei=240&qlt=70&fmt=webp|Micrófono Pc Condensador Profesional Youtube Laptop Celular|24.99
https://falabella.scene7.com/is/image/FalabellaPE/gsc_120198344_2594952_2?wid=240&hei=240&qlt=70&fmt=webp|Audifonos Kz Edc Bicolor Con Cancelación De Ruido Original|59.99
https://falabella.scene7.com/is/image/FalabellaPE/gsc_117700122_1862687_2?wid=240&hei=240&qlt=70&fmt=webp|Audifonos tronsmart space s1 bluetooth no invasivos|89
https://falabella.scene7.com/is/image/FalabellaPE/gsc_120565371_2717410_2?wid=240&hei=240&qlt=70&fmt=webp|Parlante Portatil HAVIT Bluetooh -SK816BT Negro|269
https://falabella.scene7.com/is/image/FalabellaPE/gsc_120565654_2717535_2?wid=240&hei=240&qlt=70&fmt=webp|Parlante Portatil HAVIT Bluetooh -SK816BT Negro|269
https://falabella.scene7.com/is/image/FalabellaPE/gsc_117318389_1742264_2?wid=240&hei=240&qlt=70&fmt=webp|AUTORADIO ANDROID 2DIN HD TACTIL 7" 2GB + 32GB WIFI GPS BLUETOOTH|629.9
https://falabella.scene7.com/is/image/FalabellaPE/gsc_121818143_3197651_2?wid=240&hei=240&qlt=70&fmt=webp|Audífonos Bluetooth JBL C260 TWS Negro|169
https://falabella.scene7.com/is/image/FalabellaPE/gsc_123853125_3757228_2?wid=240&hei=240&qlt=70&fmt=webp|Equipo de Sonido LG XBOOM RNC9 con Micrófono Inalámbrico Modelo 2023|1419
https://falabella.scene7.com/is/image/FalabellaPE/gsc_122245814_3291929_2?wid=240&hei=240&qlt=70&fmt=webp|Micrófonos Inalámbricos Solaperos 2 en 1 K35 con estuche|101.9
https://falabella.scene7.com/is/image/FalabellaPE/gsc_114211497_927263_1|Monitor gamer curvo te-3131 full|349
https://falabella.scene7.com/is/image/FalabellaPE/gsc_118355945_2071168_1|Silla Gamer Dreizt Apolo Series Negro|649
https://falabella.scene7.com/is/image/FalabellaPE/gsc_116491264_1515245_1|Kit Gamer 4 en 1: Teclado + Mouse + Audífonos + Pad|74.9
https://falabella.scene7.com/is/image/FalabellaPE/gsc_120076442_2579375_1|Nintendo Switch Modelo OLED|2649
https://falabella.scene7.com/is/image/FalabellaPE/gsc_120460327_2677903_1|The Legend of Zelda Tears of the Kingdom Nintendo Switch|205
https://falabella.scene7.com/is/image/FalabellaPE/gsc_114083512_878347_1|Super Mario Odyssey Nintendo|189
https://falabella.scene7.com/is/image/FalabellaPE/gsc_119717371_4300662_1|Consola PS4 sony slim 1tb con 2|1499
https://falabella.scene7.com/is/image/FalabellaPE/gsc_114363130_982907_1|MANDO INALAMBRICO|299
https://falabella.scene7.com/is/image/FalabellaPE/gsc_114090658_881246_1|Super Smash Bros Ultimate Nintendo|189
https://falabella.scene7.com/is/image/FalabellaPE/gsc_119836139_2498822_1|Consola Nintendo Switch Oled|1549
https://falabella.scene7.com/is/image/FalabellaPE/gsc_113895747_811376_1|Controles Joy con neon Morado|359
https://falabella.scene7.com/is/image/FalabellaPE/gsc_114083655_878499_1|New Super Mario Bros U Deluxe|189
https://falabella.scene7.com/is/image/FalabellaPE/gsc_120273250_2624369_1?wid=240&hei=240&qlt=70&fmt=webp|MANDO PS5 DUALSENSE EDGE BLANCO|799
https://falabella.scene7.com/is/image/FalabellaPE/gsc_120624007_2743833_1?wid=240&hei=240&qlt=70&fmt=webp|MANDO INALAMBRICO DUALSENSE PS5 CAMUFLADO|299
https://falabella.scene7.com/is/image/FalabellaPE/gsc_120638500_2750533_1?wid=240&hei=240&qlt=70&fmt=webp|Mando PS4 Original Nuevo V2 Negro - Caja Sellada|235
https://falabella.scene7.com/is/image/FalabellaPE/gsc_114239588_932693_1?wid=240&hei=240&qlt=70&fmt=webp|Base PS4 Slim / Pro 4 en 1 Stand, Cargador Mandos, Cooler, Portajuegos|98.9
https://falabella.scene7.com/is/image/FalabellaPE/gsc_117700162_1862794_1?wid=240&hei=240&qlt=70&fmt=webp|Soporte multifuncional con ventilador para playstation 5, ps5, kuzler|99
https://falabella.scene7.com/is/image/FalabellaPE/gsc_124000328_3813438_1?wid=240&hei=240&qlt=70&fmt=webp|Dock Nintendo Switch OLED Set con Cargador y Cable Original SIN CAJA|449.9
https://falabella.scene7.com/is/image/FalabellaPE/gsc_114239224_932260_1?wid=240&hei=240&qlt=70&fmt=webp|Dock Nintendo Switch Set con Cargador y Cable Sin caja|399.9
https://falabella.scene7.com/is/image/FalabellaPE/gsc_121787315_3184125_1?wid=240&hei=240&qlt=70&fmt=webp|ESTACION DE RECARGA DEL CONTRON PLAYSTATION VR2|259
https://falabella.scene7.com/is/image/FalabellaPE/gsc_119562981_2391195_1?wid=240&hei=240&qlt=70&fmt=webp|Audífonos Inalámbricos PULSE 3D Camuflado PS5|449
https://falabella.scene7.com/is/image/FalabellaPE/gsc_125320627_4273516_1?wid=240&hei=240&qlt=70&fmt=webp|Mando Pro controller para Nintendo Switch Edicion Splatoon 3|410
https://falabella.scene7.com/is/image/FalabellaPE/gsc_114362941_982883_1?wid=240&hei=240&qlt=70&fmt=webp|MANDO INALAMBRICO DUALSENSE PS5 MORADO|299
https://falabella.scene7.com/is/image/FalabellaPE/gsc_114239413_932373_1?wid=240&hei=240&qlt=70&fmt=webp|Timón con Pedales para PS4, PC, Switch, Xbox One-360 180 Aluca ns9877|345.9
https://falabella.scene7.com/is/image/FalabellaPE/gsc_114239324_932317_1?wid=240&hei=240&qlt=70&fmt=webp|Cargador Nintendo Switch AC Adaptador|138.9
https://falabella.scene7.com/is/image/FalabellaPE/gsc_124318900_3936310_1?wid=240&hei=240&qlt=70&fmt=webp|Cargador Dual Dualsense Charging Station Ps5 Original- Sniper|129
https://falabella.scene7.com/is/image/FalabellaPE/gsc_114242099_935996_1?wid=240&hei=240&qlt=70&fmt=webp|Memoria 128GB Nintendo Switch MicroSDXC UHS-I 100MBs Gris|98.9
https://falabella.scene7.com/is/image/FalabellaPE/gsc_120542797_2712470_1?wid=240&hei=240&qlt=70&fmt=webp|Mando Inalambrico PS5 DualSense Rojo|319
https://falabella.scene7.com/is/image/FalabellaPE/gsc_124168624_3879956_1?wid=240&hei=240&qlt=70&fmt=webp|MONTECH - Rack Soporte de Pared para PlayStation 5 Con Disco|269
https://falabella.scene7.com/is/image/FalabellaPE/gsc_121008788_2891937_1?wid=240&hei=240&qlt=70&fmt=webp|Cámara PS4 REACONDICIONADA|269
https://falabella.scene7.com/is/image/FalabellaPE/gsc_126081191_4436001_1?wid=240&hei=240&qlt=70&fmt=webp|Control move para PS3 Y PS4 REACONDICIONADO|159
https://falabella.scene7.com/is/image/FalabellaPE/gsc_113895815_811415_1?wid=240&hei=240&qlt=70&fmt=webp|Accesorio back button attachment - dualshock 4 playstation|129
https://falabella.scene7.com/is/image/FalabellaPE/20112260_1?wid=240&hei=240&qlt=70&fmt=webp|Combo Instax Fujfilm Mini12 +Pack10+Estuche+Cupón|449
https://falabella.scene7.com/is/image/FalabellaPE/20013463_1?wid=240&hei=240&qlt=70&fmt=webp|Hero 12 Black Gopro|1399
https://falabella.scene7.com/is/image/FalabellaPE/gsc_115774943_1264625_1?wid=240&hei=240&qlt=70&fmt=webp|Cámara de Video GoPro Hero 9 Black|899
https://falabella.scene7.com/is/image/FalabellaPE/20023910_1?wid=240&hei=240&qlt=70&fmt=webp|Cámara Canon T7 18-55isiiuscan+ Maletín + Memoria 64g|2599
https://falabella.scene7.com/is/image/FalabellaPE/19637804_1?wid=240&hei=240&qlt=70&fmt=webp|Pack Cámara Instax Mini9 + Estuche + Pack 10 Papel Fotográfico FUJIFILM|269
https://falabella.scene7.com/is/image/FalabellaPE/20013464_01?wid=240&hei=240&qlt=70&fmt=webp|Hero11 Black Gopro|1199
https://falabella.scene7.com/is/image/FalabellaPE/gsc_125999796_4406282_1?wid=240&hei=240&qlt=70&fmt=webp|Sony Alpha Cámara Digital Mirrorless ZV-E10L Negro|3099
https://falabella.scene7.com/is/image/FalabellaPE/gsc_125999561_4406144_1?wid=240&hei=240&qlt=70&fmt=webp|Sony Alpha Cámara Digital Mirrorless ZV-E10L Blanco|3099
https://falabella.scene7.com/is/image/FalabellaPE/19779908_1?wid=240&hei=240&qlt=70&fmt=webp|DJI Mini 3 (GL)|2299
https://falabella.scene7.com/is/image/FalabellaPE/19779907_1?wid=240&hei=240&qlt=70&fmt=webp|DJI Mini 3 (DJI RC) (GL)|2849
https://falabella.scene7.com/is/image/FalabellaPE/19866699_1?wid=240&hei=240&qlt=70&fmt=webp|Cámara Mini11 + Películas 10x + Estuche|399
https://falabella.scene7.com/is/image/FalabellaPE/gsc_121040305_2901977_1?wid=240&hei=240&qlt=70&fmt=webp|DJI Mini 2 SE Fly More Combo - Drone|2499
https://falabella.scene7.com/is/image/FalabellaPE/20023911_1?wid=240&hei=240&qlt=70&fmt=webp|Cámara Canon Sl3 Ef-s18-55mmisstm+ Maletín + Memoria 64g|3299
https://falabella.scene7.com/is/image/FalabellaPE/gsc_115785231_1270912_1?wid=240&hei=240&qlt=70&fmt=webp|Drone DJI Mini 3 Pro RC (GL) - Gris claro|3599
https://falabella.scene7.com/is/image/FalabellaPE/20019598_1?wid=240&hei=240&qlt=70&fmt=webp|Osmo Action 4 Adventure Combo|2099
https://falabella.scene7.com/is/image/FalabellaPE/gsc_119691345_2433961_1?wid=240&hei=240&qlt=70&fmt=webp|Canon EF 50mm F 1.8 STM Lens - Black|519
https://falabella.scene7.com/is/image/FalabellaPE/gsc_120956074_2859355_1?wid=240&hei=240&qlt=70&fmt=webp|Nikon Coolpix P1000 Digital Cámara - Negro|4485
https://falabella.scene7.com/is/image/FalabellaPE/gsc_126049470_4425872_1?wid=240&hei=240&qlt=70&fmt=webp|Sony Alpha Cámara Compacta Digital ZV-1F|1999
https://falabella.scene7.com/is/image/FalabellaPE/gsc_119594101_2401381_1?wid=240&hei=240&qlt=70&fmt=webp|Canon EF-S 10-18mm f4.5-5.6 IS STM Lente Negro|859
https://falabella.scene7.com/is/image/FalabellaPE/20019601_1?wid=240&hei=240&qlt=70&fmt=webp|Dji Mini 4 Pro (n2)(gl)|3899
https://falabella.scene7.com/is/image/FalabellaPE/20019605_1?wid=240&hei=240&qlt=70&fmt=webp|Dron Dji Air 3 Fly More Combo (dji Rc 2)|7029
https://falabella.scene7.com/is/image/FalabellaPE/gsc_126043607_4423157_1?wid=240&hei=240&qlt=70&fmt=webp|Sony Cámara Semiprofesional Alpha Mirrorless ILCE-6400|3599
https://falabella.scene7.com/is/image/FalabellaPE/19866704_1?wid=240&hei=240&qlt=70&fmt=webp|Impresora Fuji Instax Mini Link|599
https://falabella.scene7.com/is/image/FalabellaPE/gsc_119550396_2387035_1?wid=240&hei=240&qlt=70&fmt=webp|Canon EF-S 24mm F/ 2.8 STM Lens|542
https://falabella.scene7.com/is/image/FalabellaPE/gsc_115306301_1075320_1?wid=240&hei=240&qlt=70&fmt=webp|DJI Osmo Mobile 6 - Negro|749
https://falabella.scene7.com/is/image/FalabellaPE/gsc_124890663_4145776_1?wid=240&hei=240&qlt=70&fmt=webp|DJI Osmo Mobile 6 (Platinum Gray）|599
https://falabella.scene7.com/is/image/FalabellaPE/gsc_126042618_4422554_1?wid=240&hei=240&qlt=70&fmt=webp|Sony Cámara Profesional Mirrorless ILCE-7M2K|4299
https://falabella.scene7.com/is/image/FalabellaPE/gsc_116257723_1417394_1?wid=240&hei=240&qlt=70&fmt=webp|Palo 3 way selfie con tripode para Gopro|99.9
https://falabella.scene7.com/is/image/FalabellaPE/gsc_122940199_3483947_1?wid=240&hei=240&qlt=70&fmt=webp|Sony Handycam HDR-CX405 Videocámara Negro|899
https://falabella.scene7.com/is/image/FalabellaPE/gsc_114368366_954154_1?wid=240&hei=240&qlt=70&fmt=webp|Combo 57 Cámara Canon EOS REBEL T7|3399
https://falabella.scene7.com/is/image/FalabellaPE/gsc_125162478_4201698_1?wid=240&hei=240&qlt=70&fmt=webp|Cámaras digitales 4K 48MP RENVMEXY DC202L 64GB Marrón|399
https://falabella.scene7.com/is/image/FalabellaPE/gsc_122940190_3483941_1?wid=240&hei=240&qlt=70&fmt=webp|Sony ZV-E10 Mirrorless Camera with 16-50mm Lens - Negro|3429
https://falabella.scene7.com/is/image/FalabellaPE/gsc_114207465_928241_1?wid=240&hei=240&qlt=70&fmt=webp|Aro luz led anillo 30 Cm Fotografia Video + Tripode 2.1 Metros|23.9
https://falabella.scene7.com/is/image/FalabellaPE/gsc_116412358_1484463_1?wid=240&hei=240&qlt=70&fmt=webp|Kit Iluminación Soft Box Con Parantes Profesional FYI260011 Interlud|289
https://falabella.scene7.com/is/image/FalabellaPE/gsc_117042982_1651600_1?wid=240&hei=240&qlt=70&fmt=webp|Luz Led Neewer Dimmable 2 Pack 5600k Nuevo !!!|179
https://falabella.scene7.com/is/image/FalabellaPE/gsc_116033642_1347762_1?wid=240&hei=240&qlt=70&fmt=webp|Camara Fujifilm Instax Mini 9 Lime Green|239.9
https://falabella.scene7.com/is/image/FalabellaPE/gsc_123958829_3797402_1?wid=240&hei=240&qlt=70&fmt=webp|Canon EOS R100 Cámara Solo Cuerpo Caja De Kit Sin Adaptador - Negro|1957
https://falabella.scene7.com/is/image/FalabellaPE/gsc_120514795_2700816_1?wid=240&hei=240&qlt=70&fmt=webp|Presentador Diapositivas Puntero Laser 100 Mts 2.4ghz - UGREEN LP180|77.99
https://falabella.scene7.com/is/image/FalabellaPE/gsc_114490188_1027246_1?wid=240&hei=240&qlt=70&fmt=webp|CÁMARA PARA NIÑOS SJCAM FUNCAM DE FOTOS Y VIDEOS|214.9
https://falabella.scene7.com/is/image/FalabellaPE/18368233_1?wid=240&hei=240&qlt=70&fmt=webp|HERO10 BLACK|949
https://falabella.scene7.com/is/image/FalabellaPE/gsc_123204544_3606898_1?wid=240&hei=240&qlt=70&fmt=webp|Cámara de Seguridad Xiaomi 360° Alta Definicion 1080P Deteccion y Seguimiento.|144.5
https://falabella.scene7.com/is/image/FalabellaPE/gsc_114409655_999670_1?wid=240&hei=240&qlt=70&fmt=webp|Camara Fujifilm Instax Mini Hybrid LiPlay Elegant Black +Papel|969
https://falabella.scene7.com/is/image/FalabellaPE/118037943?wid=240&hei=240&qlt=70&fmt=webp|Cámara Insta360 X3 Selfie Stick 114CM Memoria 64GB Kit Motociclista|2409
https://falabella.scene7.com/is/image/FalabellaPE/20128831_1?wid=240&hei=240&qlt=70&fmt=webp|Cámara Dji Osmo Pocket 3|2599
https://falabella.scene7.com/is/image/FalabellaPE/gsc_114449323_1013299_1?wid=240&hei=240&qlt=70&fmt=webp|Canon Cámara EOS T100 Con Lente De 18-55 mm|2089
https://falabella.scene7.com/is/image/FalabellaPE/gsc_123959098_3797513_1?wid=240&hei=240&qlt=70&fmt=webp|Canon EOS R50 Cámara Kit Con 18-45mm Lente Sin Adaptador - Negro|3388
https://falabella.scene7.com/is/image/FalabellaPE/19138032_1?wid=240&hei=240&qlt=70&fmt=webp|Cámara semi profesional Alpha a6400|6359
https://falabella.scene7.com/is/image/FalabellaPE/gsc_120887991_2842741_1?wid=240&hei=240&qlt=70&fmt=webp|Monocular 9500 mt Adaptador para teléfono,trípode y láser|135
https://falabella.scene7.com/is/image/FalabellaPE/19138036_1?wid=240&hei=240&qlt=70&fmt=webp|Handycam 4K AX43A con sensor CMOS E|4699
https://falabella.scene7.com/is/image/FalabellaPE/gsc_124107792_3852341_1?wid=240&hei=240&qlt=70&fmt=webp|Sony Alpha 7 III - Cámara evil de fotograma completo|6899
https://falabella.scene7.com/is/image/FalabellaPE/20131959_2?wid=240&hei=240&qlt=70&fmt=webp|Apple Watch SE 44mm|1249
https://falabella.scene7.com/is/image/FalabellaPE/20131955_2?wid=240&hei=240&qlt=70&fmt=webp|Apple Watch SE 40mm|1149
https://falabella.scene7.com/is/image/FalabellaPE/19237074_2?wid=240&hei=240&qlt=70&fmt=webp|Samsung Watch 5 40mm|799
https://falabella.scene7.com/is/image/FalabellaPE/19237071_2?wid=240&hei=240&qlt=70&fmt=webp|Samsung Watch 5 44mm|899
https://falabella.scene7.com/is/image/FalabellaPE/20040038_02?wid=240&hei=240&qlt=70&fmt=webp|Apple Watch Series 9 45mm|2399
https://falabella.scene7.com/is/image/FalabellaPE/20040017_02?wid=240&hei=240&qlt=70&fmt=webp|Apple Watch Series 9 41mm|2199
https://falabella.scene7.com/is/image/FalabellaPE/20036845_2?wid=240&hei=240&qlt=70&fmt=webp|Redmi Watch 3 Active Gray|189
https://falabella.scene7.com/is/image/FalabellaPE/19476299_2?wid=240&hei=240&qlt=70&fmt=webp|Apple Watch S8 41mm|1799
https://falabella.scene7.com/is/image/FalabellaPE/19933370_2?wid=240&hei=240&qlt=70&fmt=webp|Samsung Watch 6 Small|999
https://falabella.scene7.com/is/image/FalabellaPE/19933367_2?wid=240&hei=240&qlt=70&fmt=webp|Watch 6 Large Graphite|1199
https://falabella.scene7.com/is/image/FalabellaPE/gsc_113649495_701419_1?wid=240&hei=240&qlt=70&fmt=webp|Smartwatch HUAWEI Watch Fit 2 Rosado|449
https://falabella.scene7.com/is/image/FalabellaPE/gsc_116103296_1370500_1?wid=240&hei=240&qlt=70&fmt=webp|Smartwatch HUAWEI Watch Fit 2 Negro|449
https://falabella.scene7.com/is/image/FalabellaPE/gsc_126554926_4600652_2?wid=240&hei=240&qlt=70&fmt=webp|Apple Watch Series 8 41mm GPS Midnight Aluminum Case M/L A2770|1429
https://falabella.scene7.com/is/image/FalabellaPE/gsc_124161790_3877074_1?wid=240&hei=240&qlt=70&fmt=webp|XIAOMI SMART BAND 8 BLACK (PULSERA INTELIGENTE)|139
https://falabella.scene7.com/is/image/FalabellaPE/gsc_124159450_3876052_1?wid=240&hei=240&qlt=70&fmt=webp|XIAOMI SMART BAND 8 GOLD (PULSERA INTELIGENTE)|139
https://falabella.scene7.com/is/image/FalabellaPE/gsc_120942646_2863778_2?wid=240&hei=240&qlt=70&fmt=webp|Smartwatch POP 2 Negro - 1.78” Resistente al agua + Llamadas Bluetooth|179
https://falabella.scene7.com/is/image/FalabellaPE/gsc_124499119_4007341_1?wid=240&hei=240&qlt=70&fmt=webp|Smartwatch Huawei Watch GT 4 Negro 46mm|799
https://falabella.scene7.com/is/image/FalabellaPE/gsc_118033706_1939235_2?wid=240&hei=240&qlt=70&fmt=webp|REDMI SMART BAND 2 NEGRO *PULSERA INTELIGENTE|89
https://falabella.scene7.com/is/image/FalabellaPE/gsc_127658268_4925742_2?wid=240&hei=240&qlt=70&fmt=webp|Smartwatch Garmin Forerunner 45|759
https://falabella.scene7.com/is/image/FalabellaPE/gsc_125837242_4348869_2?wid=240&hei=240&qlt=70&fmt=webp|Apple watch series 9 (GPS) 45mm - Starlight M/L A2980|1939
https://falabella.scene7.com/is/image/FalabellaPE/gsc_122315572_3318514_1?wid=240&hei=240&qlt=70&fmt=webp|Amazfit GTS 4 Mini 1.65" Reloj inteligente Support Smart Watch-Negro|299
https://sodimac.scene7.com/is/image/SodimacPeru/4164679_02?wid=240&hei=240&qlt=70&fmt=webp|Smartwatch Huawei Watch GT3 SE Matte Black|499
https://falabella.scene7.com/is/image/FalabellaPE/gsc_123405014_3676929_2?wid=240&hei=240&qlt=70&fmt=webp|Xiaomi Mi Band 7 Pro Con GPS, Spo2 - 110+ Modos Deportivos|249.9
https://falabella.scene7.com/is/image/FalabellaPE/gsc_127717273_4944940_1?wid=240&hei=240&qlt=70&fmt=webp|Fitbit Ace 3 - Pulsera de actividad para niños - Negro|249
https://falabella.scene7.com/is/image/FalabellaPE/gsc_124499204_4007395_1?wid=240&hei=240&qlt=70&fmt=webp|Smartwatch Huawei Watch GT 4 Blanco 41mm|799
https://falabella.scene7.com/is/image/FalabellaPE/gsc_124499159_4007367_2?wid=240&hei=240&qlt=70&fmt=webp|Smartwatch Huawei Watch GT 4 Verde 46mm|799
https://falabella.scene7.com/is/image/FalabellaPE/gsc_126499963_4579641_2?wid=240&hei=240&qlt=70&fmt=webp|Apple Watch Ultra GPS-CELLULAR 49MM azulgris M-L A2622|3459
https://falabella.scene7.com/is/image/FalabellaPE/gsc_113656132_717379_2?wid=240&hei=240&qlt=70&fmt=webp|Smartwatch HUAWEI GT 3 Pro Classic Edition|969
https://falabella.scene7.com/is/image/FalabellaPE/gsc_127658889_4926111_2?wid=240&hei=240&qlt=70&fmt=webp|Smartwatch Garmin Forerunner 735XT|1689
https://falabella.scene7.com/is/image/FalabellaPE/gsc_125184890_3877673_2?wid=240&hei=240&qlt=70&fmt=webp|Reloj inteligente Motorola Moto Watch 100 Plateado|499
https://falabella.scene7.com/is/image/FalabellaPE/gsc_122315571_3318513_1?wid=240&hei=240&qlt=70&fmt=webp|Amazfit GTR 4 Reloj inteligente GPS Vigilancia salud Sport-Negro|665